{
  "iter": 5000,
  "lr": 7.706774174387477e-11,
  "train_mse": 0.009594532661139965,
  "held_mse": 0.006166696548461914,
  "l0": 64.0,
  "dead_pct": 0.02392578125,
  "explained_variance": -20881.61528914291,
  "elapsed_sec": 78.96632218360901,
  "n_tokens": 199680,
  "d_in": 1280,
  "d_sae": 10240,
  "topk_k": 64
}