{
  "iter": 5000,
  "lr": 7.706774174387477e-11,
  "train_mse": 0.017678454518318176,
  "held_mse": 0.015365549363195896,
  "l0": 64.0,
  "dead_pct": 0.03876953199505806,
  "explained_variance": -4255.963573783995,
  "elapsed_sec": 79.20643901824951,
  "n_tokens": 199680,
  "d_in": 1280,
  "d_sae": 10240,
  "topk_k": 64
}