{
  "iter": 5000,
  "lr": 7.706774174387477e-11,
  "train_mse": 6.398979894584045e-05,
  "held_mse": 4.8214365961030126e-05,
  "l0": 64.0,
  "dead_pct": 0.19218750298023224,
  "explained_variance": -5066.865520850075,
  "elapsed_sec": 78.9794225692749,
  "n_tokens": 199680,
  "d_in": 1280,
  "d_sae": 10240,
  "topk_k": 64
}