{
  "iter": 5000,
  "lr": 7.706774174387477e-11,
  "train_mse": 0.02677224390208721,
  "held_mse": 0.02180691622197628,
  "l0": 64.0,
  "dead_pct": 0.19716797769069672,
  "explained_variance": -7635.120430647295,
  "elapsed_sec": 79.01063418388367,
  "n_tokens": 199680,
  "d_in": 1280,
  "d_sae": 10240,
  "topk_k": 64
}